<?xml version="1.0" encoding="UTF-8"?>
<configuration scan="true">
	<appender name="consoleAppender" class="ch.qos.logback.core.ConsoleAppender">
		<encoder>
			<charset>UTF-8</charset>
			<Pattern>%d %-4relative [%thread] %-5level %logger{35} - %msg%n
			</Pattern>
		</encoder>
	</appender>

	<appender name="FILE"
		class="ch.qos.logback.core.rolling.RollingFileAppender">
		<file>/TempDirRoot/tomcat/brandadvocate.log
		</file>
		<rollingPolicy class="ch.qos.logback.core.rolling.TimeBasedRollingPolicy">
			<!-- daily rollover. Make sure the path matches the one in the file element 
				or else the rollover logs are placed in the working directory. -->
			<fileNamePattern>/TempDirRoot/tomcat/brandadvocate_%d{yyyy-MM-dd}.%i.log
			</fileNamePattern>

			<timeBasedFileNamingAndTriggeringPolicy
				class="ch.qos.logback.core.rolling.SizeAndTimeBasedFNATP">
				<maxFileSize>5MB</maxFileSize>
			</timeBasedFileNamingAndTriggeringPolicy>
			<!-- keep 30 days' worth of history -->
			<maxHistory>30</maxHistory>
		</rollingPolicy>

		<encoder>
			<charset>UTF-8</charset>
			<pattern>%d %-4relative [%thread] %-5level %logger{35} - %msg%n
			</pattern>
		</encoder>
	</appender>

	<root level="INFO">
		<appender-ref ref="consoleAppender" />
		<appender-ref ref="FILE" />
	</root>
	<!-- <root level="DEBUG"> <appender-ref ref="consoleAppender" /> <appender-ref 
		ref="FILE"/> </root>  -->
</configuration>